{
  "version": "1.0.0",
  "description": "Complete scoring criteria for all 100 CLUES Freedom Index metrics",
  "lastUpdated": "2026-01-17",

  "metrics": {
    "pf_01_cannabis_legal": {
      "id": "pf_01_cannabis_legal",
      "categoryId": "personal_freedom",
      "name": "Cannabis Legality",
      "shortName": "Cannabis",
      "description": "Legal status of recreational cannabis use and possession",
      "weight": 7,
      "scoringDirection": "higher_is_better",
      "dataType": "categorical",
      "scoringCriteria": {
        "type": "categorical",
        "options": [
          { "value": "fully_legal", "label": "Fully Legal - recreational licensed sales", "score": 100 },
          { "value": "medical_only", "label": "Medical Program Only", "score": 60 },
          { "value": "decriminalized", "label": "Decriminalized - no criminal penalty for possession", "score": 40 },
          { "value": "illegal_minor", "label": "Illegal - minor penalties (fines, misdemeanor)", "score": 20 },
          { "value": "illegal_severe", "label": "Illegal - severe penalties (felony, prison)", "score": 0 }
        ]
      }
    },

    "pf_02_alcohol_restrictions": {
      "id": "pf_02_alcohol_restrictions",
      "categoryId": "personal_freedom",
      "name": "Alcohol Purchase Restrictions",
      "shortName": "Alcohol Sales",
      "description": "Restrictions on alcohol sales hours, locations, and types",
      "weight": 5,
      "scoringDirection": "higher_is_better",
      "dataType": "categorical",
      "scoringCriteria": {
        "type": "categorical",
        "options": [
          { "value": "minimal", "label": "Minimal - 24/7 sales, all venues, no restrictions", "score": 100 },
          { "value": "light", "label": "Light - limited hours only (e.g., no sales 2-6am)", "score": 75 },
          { "value": "moderate", "label": "Moderate - day/location limits, Sunday restrictions", "score": 50 },
          { "value": "heavy", "label": "Heavy - state-controlled stores, very limited hours", "score": 25 },
          { "value": "severe", "label": "Severe - dry areas, major restrictions, near-prohibition", "score": 0 }
        ]
      }
    },

    "pf_03_gambling_legal": {
      "id": "pf_03_gambling_legal",
      "categoryId": "personal_freedom",
      "name": "Gambling Legality",
      "shortName": "Gambling",
      "description": "Legal status of gambling including casinos, sports betting, and online",
      "weight": 4,
      "scoringDirection": "higher_is_better",
      "dataType": "categorical",
      "scoringCriteria": {
        "type": "categorical",
        "options": [
          { "value": "fully_legal", "label": "Fully Legal - casinos, sports betting, online all permitted", "score": 100 },
          { "value": "mostly_legal", "label": "Mostly Legal - some restrictions (e.g., no online)", "score": 75 },
          { "value": "limited", "label": "Limited - lottery and tribal gaming only", "score": 50 },
          { "value": "restricted", "label": "Heavily Restricted - lottery only or very limited", "score": 25 },
          { "value": "illegal", "label": "Illegal - gambling prohibited", "score": 0 }
        ]
      }
    },

    "pf_04_prostitution_status": {
      "id": "pf_04_prostitution_status",
      "categoryId": "personal_freedom",
      "name": "Sex Work Legal Status",
      "shortName": "Sex Work",
      "description": "Legal status of adult consensual sex work",
      "weight": 3,
      "scoringDirection": "higher_is_better",
      "dataType": "categorical",
      "scoringCriteria": {
        "type": "categorical",
        "options": [
          { "value": "legal_regulated", "label": "Legal and Regulated - licensed, health requirements", "score": 100 },
          { "value": "decriminalized", "label": "Decriminalized - not criminal but not regulated", "score": 75 },
          { "value": "nordic_model", "label": "Nordic Model - selling legal, buying illegal", "score": 50 },
          { "value": "illegal_light", "label": "Illegal - light enforcement, de facto tolerated", "score": 25 },
          { "value": "illegal_severe", "label": "Illegal - severe penalties, active enforcement", "score": 0 }
        ]
      }
    },

    "pf_05_drug_possession": {
      "id": "pf_05_drug_possession",
      "categoryId": "personal_freedom",
      "name": "Drug Possession Penalties",
      "shortName": "Drug Policy",
      "description": "Approach to personal possession of controlled substances",
      "weight": 6,
      "scoringDirection": "higher_is_better",
      "dataType": "categorical",
      "scoringCriteria": {
        "type": "categorical",
        "options": [
          { "value": "decriminalized_all", "label": "Decriminalized - all substances, treatment focus", "score": 100 },
          { "value": "treatment_focused", "label": "Treatment-Focused - minimal penalties, diversion programs", "score": 75 },
          { "value": "moderate", "label": "Moderate - fines, probation, some incarceration", "score": 50 },
          { "value": "punitive", "label": "Punitive - incarceration common for possession", "score": 25 },
          { "value": "severe", "label": "Severe - mandatory prison terms for possession", "score": 0 }
        ]
      }
    },

    "pf_06_abortion_access": {
      "id": "pf_06_abortion_access",
      "categoryId": "personal_freedom",
      "name": "Reproductive Healthcare Access",
      "shortName": "Abortion Access",
      "description": "Legal framework for abortion and reproductive healthcare services",
      "weight": 8,
      "scoringDirection": "higher_is_better",
      "dataType": "categorical",
      "scoringCriteria": {
        "type": "categorical",
        "options": [
          { "value": "unrestricted", "label": "Unrestricted - no gestational limit, on request", "score": 100 },
          { "value": "broad", "label": "Broad Access - available until 20+ weeks", "score": 75 },
          { "value": "moderate", "label": "Moderate Access - 15-20 week limit", "score": 50 },
          { "value": "restricted", "label": "Restricted - under 15 weeks, many requirements", "score": 25 },
          { "value": "near_total_ban", "label": "Near-Total Ban - only life of mother exceptions", "score": 0 }
        ]
      }
    },

    "pf_07_lgbtq_rights": {
      "id": "pf_07_lgbtq_rights",
      "categoryId": "personal_freedom",
      "name": "LGBTQ+ Rights",
      "shortName": "LGBTQ+ Rights",
      "description": "Legal protections for LGBTQ+ individuals",
      "weight": 8,
      "scoringDirection": "higher_is_better",
      "dataType": "categorical",
      "scoringCriteria": {
        "type": "categorical",
        "options": [
          { "value": "full_rights", "label": "Full Rights - marriage, adoption, comprehensive anti-discrimination", "score": 100 },
          { "value": "strong_rights", "label": "Strong Rights - marriage legal, most protections in place", "score": 75 },
          { "value": "moderate", "label": "Moderate - civil unions or some protections only", "score": 50 },
          { "value": "limited", "label": "Limited - no marriage recognition, few protections", "score": 25 },
          { "value": "criminalized", "label": "No Protections or Criminalized", "score": 0 }
        ]
      }
    },

    "pf_08_euthanasia_status": {
      "id": "pf_08_euthanasia_status",
      "categoryId": "personal_freedom",
      "name": "End-of-Life Autonomy",
      "shortName": "Euthanasia",
      "description": "Legal status of medical aid in dying / euthanasia",
      "weight": 4,
      "scoringDirection": "higher_is_better",
      "dataType": "categorical",
      "scoringCriteria": {
        "type": "categorical",
        "options": [
          { "value": "legal_broad", "label": "Legal - broad eligibility (not limited to terminal)", "score": 100 },
          { "value": "legal_terminal", "label": "Legal - terminal illness only", "score": 66 },
          { "value": "passive_only", "label": "Passive measures only - DNR, withdrawal of care", "score": 33 },
          { "value": "illegal", "label": "Illegal - all forms prohibited", "score": 0 }
        ]
      }
    },

    "pf_09_smoking_regulations": {
      "id": "pf_09_smoking_regulations",
      "categoryId": "personal_freedom",
      "name": "Tobacco Smoking Regulations",
      "shortName": "Smoking Bans",
      "description": "Restrictions on tobacco smoking in public places",
      "weight": 3,
      "scoringDirection": "higher_is_better",
      "dataType": "categorical",
      "scoringCriteria": {
        "type": "categorical",
        "options": [
          { "value": "minimal", "label": "Minimal - most indoor/outdoor smoking allowed", "score": 100 },
          { "value": "light", "label": "Light - some indoor bans, outdoor mostly allowed", "score": 75 },
          { "value": "moderate", "label": "Moderate - indoor banned, outdoor generally ok", "score": 50 },
          { "value": "heavy", "label": "Heavy - extensive indoor and outdoor bans", "score": 25 },
          { "value": "severe", "label": "Severe - near-total public ban", "score": 0 }
        ]
      }
    },

    "pf_10_public_drinking": {
      "id": "pf_10_public_drinking",
      "categoryId": "personal_freedom",
      "name": "Public Alcohol Consumption",
      "shortName": "Public Drinking",
      "description": "Legality of consuming alcohol in public spaces",
      "weight": 3,
      "scoringDirection": "higher_is_better",
      "dataType": "categorical",
      "scoringCriteria": {
        "type": "categorical",
        "options": [
          { "value": "legal", "label": "Legal - no open container restrictions", "score": 100 },
          { "value": "mostly_legal", "label": "Mostly Legal - some restricted zones only", "score": 75 },
          { "value": "restricted", "label": "Restricted - designated areas only (parks, events)", "score": 50 },
          { "value": "mostly_illegal", "label": "Mostly Illegal - few exceptions", "score": 25 },
          { "value": "illegal", "label": "Illegal - open container laws enforced", "score": 0 }
        ]
      }
    },

    "pf_11_helmet_laws": {
      "id": "pf_11_helmet_laws",
      "categoryId": "personal_freedom",
      "name": "Motorcycle Helmet Laws",
      "shortName": "Helmet Laws",
      "description": "Helmet requirements for adult motorcyclists",
      "weight": 2,
      "scoringDirection": "higher_is_better",
      "dataType": "categorical",
      "scoringCriteria": {
        "type": "categorical",
        "options": [
          { "value": "no_requirement", "label": "No Requirement - adults can choose", "score": 100 },
          { "value": "partial", "label": "Partial - age-based (e.g., under 21) or passenger only", "score": 50 },
          { "value": "mandatory", "label": "Mandatory - all riders must wear helmets", "score": 0 }
        ]
      }
    },

    "pf_12_seatbelt_enforcement": {
      "id": "pf_12_seatbelt_enforcement",
      "categoryId": "personal_freedom",
      "name": "Seatbelt Enforcement",
      "shortName": "Seatbelt Laws",
      "description": "How seatbelt use is enforced",
      "weight": 2,
      "scoringDirection": "higher_is_better",
      "dataType": "categorical",
      "scoringCriteria": {
        "type": "categorical",
        "options": [
          { "value": "no_law", "label": "No Law or Secondary Enforcement only (can't be primary stop reason)", "score": 100 },
          { "value": "secondary", "label": "Secondary Enforcement - ticket only if stopped for other reason", "score": 50 },
          { "value": "primary", "label": "Primary Enforcement - can be stopped solely for seatbelt", "score": 0 }
        ]
      }
    },

    "pf_13_jaywalking": {
      "id": "pf_13_jaywalking",
      "categoryId": "personal_freedom",
      "name": "Jaywalking Enforcement",
      "shortName": "Jaywalking",
      "description": "Enforcement of pedestrian crossing laws",
      "weight": 2,
      "scoringDirection": "higher_is_better",
      "dataType": "categorical",
      "scoringCriteria": {
        "type": "categorical",
        "options": [
          { "value": "not_enforced", "label": "Not Enforced - no law or completely ignored", "score": 100 },
          { "value": "rarely", "label": "Rarely Enforced - technically illegal but ignored", "score": 75 },
          { "value": "sometimes", "label": "Sometimes Enforced - occasional tickets", "score": 50 },
          { "value": "actively", "label": "Actively Enforced - regular ticketing", "score": 0 }
        ]
      }
    },

    "pf_14_curfew_laws": {
      "id": "pf_14_curfew_laws",
      "categoryId": "personal_freedom",
      "name": "Adult Curfew Laws",
      "shortName": "Curfews",
      "description": "Existence of adult curfew restrictions",
      "weight": 3,
      "scoringDirection": "higher_is_better",
      "dataType": "categorical",
      "scoringCriteria": {
        "type": "categorical",
        "options": [
          { "value": "none", "label": "No Adult Curfews - freedom of movement 24/7", "score": 100 },
          { "value": "emergency_only", "label": "Emergency Curfews Only - rare disaster/riot situations", "score": 50 },
          { "value": "regular", "label": "Regular Curfew Restrictions - ongoing limits on night movement", "score": 0 }
        ]
      }
    },

    "pf_15_noise_ordinances": {
      "id": "pf_15_noise_ordinances",
      "categoryId": "personal_freedom",
      "name": "Noise Ordinance Strictness",
      "shortName": "Noise Laws",
      "description": "Strictness of residential noise regulations",
      "weight": 3,
      "scoringDirection": "higher_is_better",
      "dataType": "categorical",
      "scoringCriteria": {
        "type": "categorical",
        "options": [
          { "value": "very_relaxed", "label": "Very Relaxed - minimal enforcement, no quiet hours", "score": 100 },
          { "value": "relaxed", "label": "Relaxed - late quiet hours (e.g., 11pm-7am)", "score": 75 },
          { "value": "moderate", "label": "Moderate - standard quiet hours (10pm-8am)", "score": 50 },
          { "value": "strict", "label": "Strict - early quiet hours (9pm start), daytime limits", "score": 25 },
          { "value": "very_strict", "label": "Very Strict - extensive restrictions, heavy fines", "score": 0 }
        ]
      }
    },

    "hp_01_hoa_prevalence": {
      "id": "hp_01_hoa_prevalence",
      "categoryId": "housing_property",
      "name": "HOA Prevalence",
      "shortName": "HOA Prevalence",
      "description": "Percentage of housing under HOA governance",
      "weight": 6,
      "scoringDirection": "higher_is_better",
      "dataType": "categorical",
      "scoringCriteria": {
        "type": "categorical",
        "options": [
          { "value": "under_10", "label": "Under 10% - HOAs rare", "score": 100 },
          { "value": "10_25", "label": "10-25% of housing in HOAs", "score": 75 },
          { "value": "25_40", "label": "25-40% of housing in HOAs", "score": 50 },
          { "value": "40_60", "label": "40-60% of housing in HOAs", "score": 25 },
          { "value": "over_60", "label": "Over 60% - HOAs dominant", "score": 0 }
        ]
      }
    },

    "hp_02_hoa_power": {
      "id": "hp_02_hoa_power",
      "categoryId": "housing_property",
      "name": "HOA Legal Authority",
      "shortName": "HOA Power",
      "description": "Legal powers granted to HOAs",
      "weight": 7,
      "scoringDirection": "higher_is_better",
      "dataType": "categorical",
      "scoringCriteria": {
        "type": "categorical",
        "options": [
          { "value": "very_limited", "label": "Very Limited - no foreclosure power, limited fines", "score": 100 },
          { "value": "limited", "label": "Limited - restricted powers, government oversight", "score": 75 },
          { "value": "moderate", "label": "Moderate - standard powers, some protections", "score": 50 },
          { "value": "strong", "label": "Strong - can lien and foreclose for dues", "score": 25 },
          { "value": "very_strong", "label": "Very Strong - extensive unchecked powers", "score": 0 }
        ]
      }
    },

    "hp_03_property_tax_rate": {
      "id": "hp_03_property_tax_rate",
      "categoryId": "housing_property",
      "name": "Property Tax Rate",
      "shortName": "Property Tax",
      "description": "Effective property tax rate as percentage of value",
      "weight": 8,
      "scoringDirection": "higher_is_better",
      "dataType": "categorical",
      "scoringCriteria": {
        "type": "categorical",
        "options": [
          { "value": "under_0.5", "label": "Under 0.5% effective rate", "score": 100 },
          { "value": "0.5_1.0", "label": "0.5-1.0% effective rate", "score": 75 },
          { "value": "1.0_1.5", "label": "1.0-1.5% effective rate", "score": 50 },
          { "value": "1.5_2.5", "label": "1.5-2.5% effective rate", "score": 25 },
          { "value": "over_2.5", "label": "Over 2.5% effective rate", "score": 0 }
        ]
      }
    },

    "hp_04_rent_control": {
      "id": "hp_04_rent_control",
      "categoryId": "housing_property",
      "name": "Rent Control Laws",
      "shortName": "Rent Control",
      "description": "Existence and strength of rent stabilization laws",
      "weight": 5,
      "scoringDirection": "higher_is_better",
      "dataType": "categorical",
      "scoringCriteria": {
        "type": "categorical",
        "options": [
          { "value": "none", "label": "No Rent Control - market determines rents", "score": 100 },
          { "value": "limited", "label": "Limited Controls - narrow applicability", "score": 75 },
          { "value": "moderate", "label": "Moderate Stabilization - some limits on increases", "score": 50 },
          { "value": "strong", "label": "Strong Rent Control - strict caps on increases", "score": 25 }
        ]
      }
    },

    "hp_05_eviction_protection": {
      "id": "hp_05_eviction_protection",
      "categoryId": "housing_property",
      "name": "Tenant Eviction Protections",
      "shortName": "Eviction Laws",
      "description": "Legal protections for tenants against eviction",
      "weight": 5,
      "scoringDirection": "higher_is_better",
      "dataType": "categorical",
      "scoringCriteria": {
        "type": "categorical",
        "options": [
          { "value": "very_weak", "label": "Very Weak - quick eviction allowed, minimal process", "score": 100 },
          { "value": "weak", "label": "Weak - minimal protections, short notice periods", "score": 75 },
          { "value": "moderate", "label": "Moderate - standard protections, 30-day notice", "score": 50 },
          { "value": "strong", "label": "Strong - 30-60 day notice, just cause in some cases", "score": 25 },
          { "value": "very_strong", "label": "Very Strong - 60+ day notice, just cause required", "score": 0 }
        ]
      }
    },

    "hp_06_zoning_strictness": {
      "id": "hp_06_zoning_strictness",
      "categoryId": "housing_property",
      "name": "Zoning Flexibility",
      "shortName": "Zoning",
      "description": "How restrictive land use zoning is",
      "weight": 6,
      "scoringDirection": "higher_is_better",
      "dataType": "categorical",
      "scoringCriteria": {
        "type": "categorical",
        "options": [
          { "value": "very_flexible", "label": "Very Flexible - mixed-use encouraged, minimal restrictions", "score": 100 },
          { "value": "flexible", "label": "Flexible - liberal zoning, easy variances", "score": 75 },
          { "value": "moderate", "label": "Moderate - standard zoning with some flexibility", "score": 50 },
          { "value": "strict", "label": "Strict - heavy restrictions, difficult variances", "score": 25 },
          { "value": "very_strict", "label": "Very Strict - rigid single-use zoning", "score": 0 }
        ]
      }
    },

    "hp_07_building_permits": {
      "id": "hp_07_building_permits",
      "categoryId": "housing_property",
      "name": "Building Permit Complexity",
      "shortName": "Permits",
      "description": "Difficulty of obtaining building permits",
      "weight": 5,
      "scoringDirection": "higher_is_better",
      "dataType": "categorical",
      "scoringCriteria": {
        "type": "categorical",
        "options": [
          { "value": "very_easy", "label": "Very Easy - minimal permits, fast approval", "score": 100 },
          { "value": "easy", "label": "Easy - simple process, reasonable timeline", "score": 75 },
          { "value": "moderate", "label": "Moderate - standard requirements and timeline", "score": 50 },
          { "value": "difficult", "label": "Difficult - complex process, long delays", "score": 25 },
          { "value": "very_difficult", "label": "Very Difficult - extensive bureaucracy, years-long", "score": 0 }
        ]
      }
    },

    "hp_08_short_term_rental": {
      "id": "hp_08_short_term_rental",
      "categoryId": "housing_property",
      "name": "Short-Term Rental Regulations",
      "shortName": "Airbnb Rules",
      "description": "Restrictions on Airbnb/VRBO type rentals",
      "weight": 5,
      "scoringDirection": "higher_is_better",
      "dataType": "categorical",
      "scoringCriteria": {
        "type": "categorical",
        "options": [
          { "value": "unrestricted", "label": "Unrestricted - no STR regulations", "score": 100 },
          { "value": "light", "label": "Light Regulation - registration only, no caps", "score": 75 },
          { "value": "moderate", "label": "Moderate Regulation - permits, some restrictions", "score": 50 },
          { "value": "heavy", "label": "Heavy Regulation - strict caps, primary residence only", "score": 25 },
          { "value": "banned", "label": "Banned/Near-Banned - effectively prohibited", "score": 0 }
        ]
      }
    },

    "hp_09_adu_laws": {
      "id": "hp_09_adu_laws",
      "categoryId": "housing_property",
      "name": "ADU/Granny Flat Laws",
      "shortName": "ADU Laws",
      "description": "Ability to build accessory dwelling units",
      "weight": 4,
      "scoringDirection": "higher_is_better",
      "dataType": "categorical",
      "scoringCriteria": {
        "type": "categorical",
        "options": [
          { "value": "easy", "label": "Allowed - easy approval, by-right in most areas", "score": 100 },
          { "value": "moderate", "label": "Allowed - moderate process, some restrictions", "score": 75 },
          { "value": "restricted", "label": "Restricted - limited zones, difficult approval", "score": 50 },
          { "value": "very_difficult", "label": "Very Difficult - rare approvals", "score": 25 },
          { "value": "prohibited", "label": "Prohibited - not allowed", "score": 0 }
        ]
      }
    },

    "hp_10_home_business": {
      "id": "hp_10_home_business",
      "categoryId": "housing_property",
      "name": "Home-Based Business Rules",
      "shortName": "Home Business",
      "description": "Ability to operate businesses from home",
      "weight": 5,
      "scoringDirection": "higher_is_better",
      "dataType": "categorical",
      "scoringCriteria": {
        "type": "categorical",
        "options": [
          { "value": "very_permissive", "label": "Very Permissive - minimal restrictions", "score": 100 },
          { "value": "permissive", "label": "Permissive - easy to operate, few limits", "score": 75 },
          { "value": "moderate", "label": "Moderate - standard requirements, some limits", "score": 50 },
          { "value": "restrictive", "label": "Restrictive - many limitations on type/employees", "score": 25 },
          { "value": "very_restrictive", "label": "Very Restrictive - heavy restrictions/near-ban", "score": 0 }
        ]
      }
    },

    "hp_11_eminent_domain": {
      "id": "hp_11_eminent_domain",
      "categoryId": "housing_property",
      "name": "Eminent Domain Protections",
      "shortName": "Eminent Domain",
      "description": "Protection against government property seizure",
      "weight": 6,
      "scoringDirection": "higher_is_better",
      "dataType": "categorical",
      "scoringCriteria": {
        "type": "categorical",
        "options": [
          { "value": "very_strong", "label": "Very Strong - strict limits, public use only", "score": 100 },
          { "value": "strong", "label": "Strong - good protections, above-market compensation", "score": 75 },
          { "value": "moderate", "label": "Moderate - standard protections", "score": 50 },
          { "value": "weak", "label": "Weak - broad government power, low compensation", "score": 25 },
          { "value": "very_weak", "label": "Very Weak - easy seizure, private benefit allowed", "score": 0 }
        ]
      }
    },

    "hp_12_squatter_rights": {
      "id": "hp_12_squatter_rights",
      "categoryId": "housing_property",
      "name": "Adverse Possession Laws",
      "shortName": "Squatter Rights",
      "description": "How property owners are protected from squatters",
      "weight": 5,
      "scoringDirection": "higher_is_better",
      "dataType": "categorical",
      "scoringCriteria": {
        "type": "categorical",
        "options": [
          { "value": "owner_protected", "label": "Owner Protected - long periods (15+ years), strict requirements", "score": 100 },
          { "value": "balanced", "label": "Balanced - moderate period (7-14 years)", "score": 50 },
          { "value": "squatter_favored", "label": "Squatter Favored - short periods, easier claims", "score": 0 }
        ]
      }
    },

    "hp_13_historic_preservation": {
      "id": "hp_13_historic_preservation",
      "categoryId": "housing_property",
      "name": "Historic Preservation Rules",
      "shortName": "Historic Rules",
      "description": "Restrictiveness of historic district regulations",
      "weight": 4,
      "scoringDirection": "higher_is_better",
      "dataType": "categorical",
      "scoringCriteria": {
        "type": "categorical",
        "options": [
          { "value": "minimal", "label": "Minimal - few restrictions, easy modifications", "score": 100 },
          { "value": "light", "label": "Light - light oversight, reasonable flexibility", "score": 75 },
          { "value": "moderate", "label": "Moderate - reasonable restrictions with process", "score": 50 },
          { "value": "heavy", "label": "Heavy - significant limits on changes", "score": 25 },
          { "value": "very_heavy", "label": "Very Heavy - extensive restrictions, costly compliance", "score": 0 }
        ]
      }
    },

    "hp_14_foreign_ownership": {
      "id": "hp_14_foreign_ownership",
      "categoryId": "housing_property",
      "name": "Foreign Property Ownership",
      "shortName": "Foreign Buyers",
      "description": "Ability of non-citizens to own property",
      "weight": 4,
      "scoringDirection": "higher_is_better",
      "dataType": "categorical",
      "scoringCriteria": {
        "type": "categorical",
        "options": [
          { "value": "unrestricted", "label": "Unrestricted - same rights as citizens", "score": 100 },
          { "value": "mostly_allowed", "label": "Mostly Allowed - minor restrictions", "score": 75 },
          { "value": "some_restrictions", "label": "Some Restrictions - certain property types limited", "score": 50 },
          { "value": "heavily_restricted", "label": "Heavily Restricted - significant barriers", "score": 25 },
          { "value": "prohibited", "label": "Prohibited/Very Limited", "score": 0 }
        ]
      }
    },

    "hp_15_transfer_taxes": {
      "id": "hp_15_transfer_taxes",
      "categoryId": "housing_property",
      "name": "Property Transfer Taxes",
      "shortName": "Transfer Tax",
      "description": "Taxes when buying/selling property",
      "weight": 5,
      "scoringDirection": "higher_is_better",
      "dataType": "categorical",
      "scoringCriteria": {
        "type": "categorical",
        "options": [
          { "value": "none", "label": "None or under 0.5%", "score": 100 },
          { "value": "low", "label": "0.5-1.0%", "score": 75 },
          { "value": "moderate", "label": "1.0-2.0%", "score": 50 },
          { "value": "high", "label": "2.0-3.5%", "score": 25 },
          { "value": "very_high", "label": "Over 3.5%", "score": 0 }
        ]
      }
    },

    "hp_16_lawn_regulations": {
      "id": "hp_16_lawn_regulations",
      "categoryId": "housing_property",
      "name": "Lawn/Landscaping Requirements",
      "shortName": "Lawn Rules",
      "description": "Rules governing residential landscaping",
      "weight": 3,
      "scoringDirection": "higher_is_better",
      "dataType": "categorical",
      "scoringCriteria": {
        "type": "categorical",
        "options": [
          { "value": "very_flexible", "label": "Very Flexible - any landscaping allowed, xeriscaping ok", "score": 100 },
          { "value": "flexible", "label": "Flexible - native plants encouraged, minimal rules", "score": 75 },
          { "value": "moderate", "label": "Moderate - basic maintenance standards", "score": 50 },
          { "value": "strict", "label": "Strict - grass required, species restrictions", "score": 25 },
          { "value": "very_strict", "label": "Very Strict - detailed requirements, heavy fines", "score": 0 }
        ]
      }
    },

    "hp_17_exterior_colors": {
      "id": "hp_17_exterior_colors",
      "categoryId": "housing_property",
      "name": "Exterior Appearance Regulations",
      "shortName": "House Colors",
      "description": "Rules on home exterior colors/styles",
      "weight": 3,
      "scoringDirection": "higher_is_better",
      "dataType": "categorical",
      "scoringCriteria": {
        "type": "categorical",
        "options": [
          { "value": "no_rules", "label": "No Rules - any colors/style allowed", "score": 100 },
          { "value": "minimal", "label": "Minimal - basic guidelines only", "score": 75 },
          { "value": "moderate", "label": "Moderate - approval process for changes", "score": 50 },
          { "value": "strict", "label": "Strict - limited approved palette", "score": 25 },
          { "value": "very_strict", "label": "Very Strict - rigid requirements", "score": 0 }
        ]
      }
    },

    "hp_18_fence_rules": {
      "id": "hp_18_fence_rules",
      "categoryId": "housing_property",
      "name": "Fence Regulations",
      "shortName": "Fence Rules",
      "description": "Restrictions on residential fences",
      "weight": 3,
      "scoringDirection": "higher_is_better",
      "dataType": "categorical",
      "scoringCriteria": {
        "type": "categorical",
        "options": [
          { "value": "very_permissive", "label": "Very Permissive - no height/style limits", "score": 100 },
          { "value": "permissive", "label": "Permissive - high limits allowed (8ft+)", "score": 75 },
          { "value": "moderate", "label": "Moderate - 6ft typical limit", "score": 50 },
          { "value": "restrictive", "label": "Restrictive - 4ft limits, style rules", "score": 25 },
          { "value": "very_restrictive", "label": "Very Restrictive - minimal fencing allowed", "score": 0 }
        ]
      }
    },

    "hp_19_vehicle_parking": {
      "id": "hp_19_vehicle_parking",
      "categoryId": "housing_property",
      "name": "Residential Vehicle Parking",
      "shortName": "Vehicle Parking",
      "description": "Rules on parking vehicles on residential property",
      "weight": 3,
      "scoringDirection": "higher_is_better",
      "dataType": "categorical",
      "scoringCriteria": {
        "type": "categorical",
        "options": [
          { "value": "very_permissive", "label": "Very Permissive - RVs, boats, commercial vehicles ok", "score": 100 },
          { "value": "permissive", "label": "Permissive - few restrictions", "score": 75 },
          { "value": "moderate", "label": "Moderate - standard rules on RVs/boats", "score": 50 },
          { "value": "restrictive", "label": "Restrictive - many vehicle type limits", "score": 25 },
          { "value": "very_restrictive", "label": "Very Restrictive - garage-only, strict rules", "score": 0 }
        ]
      }
    },

    "hp_20_pet_restrictions": {
      "id": "hp_20_pet_restrictions",
      "categoryId": "housing_property",
      "name": "Pet Ownership Restrictions",
      "shortName": "Pet Rules",
      "description": "Housing-related pet restrictions",
      "weight": 4,
      "scoringDirection": "higher_is_better",
      "dataType": "categorical",
      "scoringCriteria": {
        "type": "categorical",
        "options": [
          { "value": "very_permissive", "label": "Very Permissive - no breed/number limits", "score": 100 },
          { "value": "permissive", "label": "Permissive - minimal limits", "score": 75 },
          { "value": "moderate", "label": "Moderate - some breed/size limits", "score": 50 },
          { "value": "restrictive", "label": "Restrictive - many restrictions", "score": 25 },
          { "value": "very_restrictive", "label": "Very Restrictive - strict breed bans, low limits", "score": 0 }
        ]
      }
    },

    "bw_01_business_license": {
      "id": "bw_01_business_license",
      "categoryId": "business_work",
      "name": "Business License Requirements",
      "shortName": "Business License",
      "description": "Ease of obtaining a general business license",
      "weight": 6,
      "scoringDirection": "higher_is_better",
      "dataType": "categorical",
      "scoringCriteria": {
        "type": "categorical",
        "options": [
          { "value": "very_easy", "label": "Very Easy - online, same-day, minimal cost", "score": 100 },
          { "value": "easy", "label": "Easy - simple process, quick approval", "score": 75 },
          { "value": "moderate", "label": "Moderate - standard requirements", "score": 50 },
          { "value": "difficult", "label": "Difficult - complex process, multiple approvals", "score": 25 },
          { "value": "very_difficult", "label": "Very Difficult - extensive bureaucracy", "score": 0 }
        ]
      }
    },

    "bw_02_occupational_licensing": {
      "id": "bw_02_occupational_licensing",
      "categoryId": "business_work",
      "name": "Occupational Licensing Burden",
      "shortName": "Occupational License",
      "description": "How many occupations require state licenses",
      "weight": 5,
      "scoringDirection": "higher_is_better",
      "dataType": "categorical",
      "scoringCriteria": {
        "type": "categorical",
        "options": [
          { "value": "very_light", "label": "Very Light - few occupations licensed", "score": 100 },
          { "value": "light", "label": "Light - below average licensing requirements", "score": 75 },
          { "value": "moderate", "label": "Moderate - average requirements", "score": 50 },
          { "value": "heavy", "label": "Heavy - many licenses needed", "score": 25 },
          { "value": "very_heavy", "label": "Very Heavy - extensive licensing for most trades", "score": 0 }
        ]
      }
    },

    "bw_03_minimum_wage": {
      "id": "bw_03_minimum_wage",
      "categoryId": "business_work",
      "name": "Minimum Wage Level",
      "shortName": "Min Wage",
      "description": "Local minimum wage in USD equivalent",
      "weight": 4,
      "scoringDirection": "higher_is_better",
      "dataType": "categorical",
      "scoringCriteria": {
        "type": "categorical",
        "options": [
          { "value": "none_or_low", "label": "No minimum or under $10/hour", "score": 100 },
          { "value": "low", "label": "$10-12/hour", "score": 75 },
          { "value": "moderate", "label": "$12-15/hour", "score": 50 },
          { "value": "high", "label": "$15-18/hour", "score": 25 },
          { "value": "very_high", "label": "Over $18/hour", "score": 0 }
        ]
      }
    },

    "bw_04_right_to_work": {
      "id": "bw_04_right_to_work",
      "categoryId": "business_work",
      "name": "Right-to-Work Status",
      "shortName": "Right to Work",
      "description": "Whether employees can be required to join unions",
      "weight": 5,
      "scoringDirection": "higher_is_better",
      "dataType": "categorical",
      "scoringCriteria": {
        "type": "categorical",
        "options": [
          { "value": "right_to_work", "label": "Right-to-Work - no mandatory union membership", "score": 100 },
          { "value": "not_right_to_work", "label": "Not Right-to-Work - union security agreements allowed", "score": 0 }
        ]
      }
    },

    "bw_05_at_will_employment": {
      "id": "bw_05_at_will_employment",
      "categoryId": "business_work",
      "name": "Employment Termination Rules",
      "shortName": "At-Will",
      "description": "Balance between employer and employee termination rights",
      "weight": 5,
      "scoringDirection": "higher_is_better",
      "dataType": "categorical",
      "scoringCriteria": {
        "type": "categorical",
        "options": [
          { "value": "very_pro_employer", "label": "Very Pro-Employer - pure at-will, minimal restrictions", "score": 100 },
          { "value": "standard_at_will", "label": "Standard At-Will - typical US-style at-will", "score": 75 },
          { "value": "balanced", "label": "Balanced - fair protections both sides", "score": 50 },
          { "value": "pro_employee", "label": "Pro-Employee - notice required, some just cause", "score": 25 },
          { "value": "very_pro_employee", "label": "Very Pro-Employee - difficult to terminate", "score": 0 }
        ]
      }
    },

    "bw_06_paid_leave_mandate": {
      "id": "bw_06_paid_leave_mandate",
      "categoryId": "business_work",
      "name": "Mandatory Paid Leave",
      "shortName": "Paid Leave",
      "description": "Mandated paid vacation/sick days",
      "weight": 4,
      "scoringDirection": "higher_is_better",
      "dataType": "categorical",
      "scoringCriteria": {
        "type": "categorical",
        "options": [
          { "value": "no_mandate", "label": "No Mandate - market determines leave", "score": 100 },
          { "value": "minimal", "label": "Under 5 days mandated", "score": 75 },
          { "value": "moderate", "label": "5-14 days mandated", "score": 50 },
          { "value": "generous", "label": "15-24 days mandated", "score": 25 },
          { "value": "very_generous", "label": "25+ days mandated", "score": 0 }
        ]
      }
    },

    "bw_07_parental_leave": {
      "id": "bw_07_parental_leave",
      "categoryId": "business_work",
      "name": "Parental Leave Requirements",
      "shortName": "Parental Leave",
      "description": "Mandated parental leave in weeks",
      "weight": 4,
      "scoringDirection": "higher_is_better",
      "dataType": "categorical",
      "scoringCriteria": {
        "type": "categorical",
        "options": [
          { "value": "no_mandate", "label": "No Mandate", "score": 100 },
          { "value": "minimal", "label": "Under 6 weeks", "score": 75 },
          { "value": "moderate", "label": "6-11 weeks (paid or unpaid)", "score": 50 },
          { "value": "generous", "label": "12-25 weeks paid", "score": 25 },
          { "value": "very_generous", "label": "26+ weeks paid", "score": 0 }
        ]
      }
    },

    "bw_08_non_compete": {
      "id": "bw_08_non_compete",
      "categoryId": "business_work",
      "name": "Non-Compete Enforceability",
      "shortName": "Non-Compete",
      "description": "Whether non-compete agreements are enforced",
      "weight": 5,
      "scoringDirection": "higher_is_better",
      "dataType": "categorical",
      "scoringCriteria": {
        "type": "categorical",
        "options": [
          { "value": "banned", "label": "Banned/Unenforceable", "score": 100 },
          { "value": "limited", "label": "Limited Enforcement - narrow scope only", "score": 66 },
          { "value": "standard", "label": "Standard Enforcement", "score": 33 },
          { "value": "strong", "label": "Strongly Enforced", "score": 0 }
        ]
      }
    },

    "bw_09_corporate_tax": {
      "id": "bw_09_corporate_tax",
      "categoryId": "business_work",
      "name": "Corporate Tax Rate",
      "shortName": "Corp Tax",
      "description": "Effective corporate income tax rate",
      "weight": 7,
      "scoringDirection": "higher_is_better",
      "dataType": "categorical",
      "scoringCriteria": {
        "type": "categorical",
        "options": [
          { "value": "very_low", "label": "Under 15% effective rate", "score": 100 },
          { "value": "low", "label": "15-20%", "score": 75 },
          { "value": "moderate", "label": "20-25%", "score": 50 },
          { "value": "high", "label": "25-30%", "score": 25 },
          { "value": "very_high", "label": "Over 30%", "score": 0 }
        ]
      }
    },

    "bw_10_income_tax": {
      "id": "bw_10_income_tax",
      "categoryId": "business_work",
      "name": "Personal Income Tax Rate",
      "shortName": "Income Tax",
      "description": "Top marginal state/local income tax rate",
      "weight": 8,
      "scoringDirection": "higher_is_better",
      "dataType": "categorical",
      "scoringCriteria": {
        "type": "categorical",
        "options": [
          { "value": "none", "label": "No income tax", "score": 100 },
          { "value": "low", "label": "Under 5%", "score": 75 },
          { "value": "moderate", "label": "5-10%", "score": 50 },
          { "value": "high", "label": "10-15%", "score": 25 },
          { "value": "very_high", "label": "Over 15%", "score": 0 }
        ]
      }
    },

    "bw_11_sales_tax": {
      "id": "bw_11_sales_tax",
      "categoryId": "business_work",
      "name": "Sales/VAT Tax Rate",
      "shortName": "Sales Tax",
      "description": "Combined sales tax rate",
      "weight": 6,
      "scoringDirection": "higher_is_better",
      "dataType": "categorical",
      "scoringCriteria": {
        "type": "categorical",
        "options": [
          { "value": "none", "label": "No sales tax", "score": 100 },
          { "value": "low", "label": "Under 6%", "score": 75 },
          { "value": "moderate", "label": "6-8%", "score": 50 },
          { "value": "high", "label": "8-10%", "score": 25 },
          { "value": "very_high", "label": "Over 10% (or high VAT)", "score": 0 }
        ]
      }
    },

    "bw_12_freelance_regs": {
      "id": "bw_12_freelance_regs",
      "categoryId": "business_work",
      "name": "Freelance/Gig Worker Regulations",
      "shortName": "Gig Worker",
      "description": "Regulatory environment for freelancers",
      "weight": 5,
      "scoringDirection": "higher_is_better",
      "dataType": "categorical",
      "scoringCriteria": {
        "type": "categorical",
        "options": [
          { "value": "very_flexible", "label": "Very Flexible - easy independent contractor status", "score": 100 },
          { "value": "flexible", "label": "Flexible - supportive environment", "score": 75 },
          { "value": "moderate", "label": "Moderate - standard regulations", "score": 50 },
          { "value": "restrictive", "label": "Restrictive - classification hurdles (like CA AB5)", "score": 25 },
          { "value": "very_restrictive", "label": "Very Restrictive - strict worker classification", "score": 0 }
        ]
      }
    },

    "bw_13_work_visa": {
      "id": "bw_13_work_visa",
      "categoryId": "business_work",
      "name": "Work Visa Accessibility",
      "shortName": "Work Visa",
      "description": "Ease of obtaining work permits for foreigners",
      "weight": 5,
      "scoringDirection": "higher_is_better",
      "dataType": "categorical",
      "scoringCriteria": {
        "type": "categorical",
        "options": [
          { "value": "very_easy", "label": "Very Easy - open work permits, fast processing", "score": 100 },
          { "value": "easy", "label": "Easy - accessible programs, reasonable process", "score": 75 },
          { "value": "moderate", "label": "Moderate - standard requirements", "score": 50 },
          { "value": "difficult", "label": "Difficult - complex requirements, long waits", "score": 25 },
          { "value": "very_difficult", "label": "Very Difficult - highly restricted", "score": 0 }
        ]
      }
    },

    "bw_14_remote_work": {
      "id": "bw_14_remote_work",
      "categoryId": "business_work",
      "name": "Remote Work Framework",
      "shortName": "Remote Work",
      "description": "Legal support for remote work",
      "weight": 4,
      "scoringDirection": "higher_is_better",
      "dataType": "categorical",
      "scoringCriteria": {
        "type": "categorical",
        "options": [
          { "value": "very_supportive", "label": "Very Supportive - right to request remote", "score": 100 },
          { "value": "supportive", "label": "Supportive - favorable laws", "score": 75 },
          { "value": "neutral", "label": "Neutral - no specific laws", "score": 50 },
          { "value": "unsupportive", "label": "Unsupportive - barriers exist", "score": 25 },
          { "value": "restrictive", "label": "Restrictive - remote work discouraged", "score": 0 }
        ]
      }
    },

    "bw_15_overtime_rules": {
      "id": "bw_15_overtime_rules",
      "categoryId": "business_work",
      "name": "Overtime Requirements",
      "shortName": "Overtime",
      "description": "Overtime pay requirements",
      "weight": 4,
      "scoringDirection": "higher_is_better",
      "dataType": "categorical",
      "scoringCriteria": {
        "type": "categorical",
        "options": [
          { "value": "minimal", "label": "Minimal - few overtime requirements", "score": 100 },
          { "value": "weak", "label": "Weak - many exemptions", "score": 75 },
          { "value": "moderate", "label": "Moderate - standard FLSA-style rules", "score": 50 },
          { "value": "good", "label": "Good Protections - stricter than federal", "score": 25 },
          { "value": "strong", "label": "Strong Protections - strict overtime, daily OT", "score": 0 }
        ]
      }
    },

    "bw_16_union_rights": {
      "id": "bw_16_union_rights",
      "categoryId": "business_work",
      "name": "Union Formation Rights",
      "shortName": "Union Rights",
      "description": "Protection of right to form unions",
      "weight": 4,
      "scoringDirection": "higher_is_better",
      "dataType": "categorical",
      "scoringCriteria": {
        "type": "categorical",
        "options": [
          { "value": "very_weak", "label": "Very Weak - union-hostile environment", "score": 100 },
          { "value": "weak", "label": "Weak - limited protections", "score": 75 },
          { "value": "moderate", "label": "Moderate - standard NLRA rights", "score": 50 },
          { "value": "strong", "label": "Strong - additional protections", "score": 25 },
          { "value": "very_strong", "label": "Very Strong - full union rights, card check", "score": 0 }
        ]
      }
    },

    "bw_17_workplace_safety": {
      "id": "bw_17_workplace_safety",
      "categoryId": "business_work",
      "name": "Workplace Safety Standards",
      "shortName": "Safety Standards",
      "description": "Rigor of occupational safety requirements",
      "weight": 5,
      "scoringDirection": "higher_is_better",
      "dataType": "categorical",
      "scoringCriteria": {
        "type": "categorical",
        "options": [
          { "value": "poor", "label": "Poor - minimal standards, little enforcement", "score": 100 },
          { "value": "weak", "label": "Weak - limited enforcement", "score": 75 },
          { "value": "adequate", "label": "Adequate - standard OSHA compliance", "score": 50 },
          { "value": "good", "label": "Good - strong protections", "score": 25 },
          { "value": "excellent", "label": "Excellent - rigorous standards, heavy enforcement", "score": 0 }
        ]
      }
    },

    "bw_18_discrimination_law": {
      "id": "bw_18_discrimination_law",
      "categoryId": "business_work",
      "name": "Employment Discrimination Protections",
      "shortName": "Discrimination Law",
      "description": "Workplace discrimination protections",
      "weight": 5,
      "scoringDirection": "higher_is_better",
      "dataType": "categorical",
      "scoringCriteria": {
        "type": "categorical",
        "options": [
          { "value": "minimal", "label": "Minimal - few protected classes", "score": 100 },
          { "value": "limited", "label": "Limited - basic federal protections only", "score": 75 },
          { "value": "moderate", "label": "Moderate - standard protections", "score": 50 },
          { "value": "strong", "label": "Strong - broad protected classes", "score": 25 },
          { "value": "comprehensive", "label": "Comprehensive - extensive protections, private right of action", "score": 0 }
        ]
      }
    },

    "bw_19_startup_ease": {
      "id": "bw_19_startup_ease",
      "categoryId": "business_work",
      "name": "Business Formation Ease",
      "shortName": "Startup Ease",
      "description": "How easy it is to register a new business",
      "weight": 6,
      "scoringDirection": "higher_is_better",
      "dataType": "categorical",
      "scoringCriteria": {
        "type": "categorical",
        "options": [
          { "value": "very_easy", "label": "Very Easy - online, 1-2 days, minimal cost", "score": 100 },
          { "value": "easy", "label": "Easy - simple process", "score": 75 },
          { "value": "moderate", "label": "Moderate - standard bureaucracy", "score": 50 },
          { "value": "difficult", "label": "Difficult - complex process, weeks", "score": 25 },
          { "value": "very_difficult", "label": "Very Difficult - extensive requirements", "score": 0 }
        ]
      }
    },

    "bw_20_food_truck": {
      "id": "bw_20_food_truck",
      "categoryId": "business_work",
      "name": "Food Truck Regulations",
      "shortName": "Food Truck",
      "description": "Ease of operating mobile food vendors",
      "weight": 3,
      "scoringDirection": "higher_is_better",
      "dataType": "categorical",
      "scoringCriteria": {
        "type": "categorical",
        "options": [
          { "value": "very_easy", "label": "Very Easy - simple permits, few zone restrictions", "score": 100 },
          { "value": "easy", "label": "Easy - accessible licensing", "score": 75 },
          { "value": "moderate", "label": "Moderate - standard requirements", "score": 50 },
          { "value": "restrictive", "label": "Restrictive - many restrictions, limited zones", "score": 25 },
          { "value": "very_restrictive", "label": "Very Restrictive - near impossible", "score": 0 }
        ]
      }
    },

    "bw_21_contractor_license": {
      "id": "bw_21_contractor_license",
      "categoryId": "business_work",
      "name": "Contractor Licensing Burden",
      "shortName": "Contractor License",
      "description": "Requirements for home improvement contractors",
      "weight": 4,
      "scoringDirection": "higher_is_better",
      "dataType": "categorical",
      "scoringCriteria": {
        "type": "categorical",
        "options": [
          { "value": "minimal", "label": "Minimal - low thresholds, easy licensing", "score": 100 },
          { "value": "light", "label": "Light - simple requirements", "score": 75 },
          { "value": "moderate", "label": "Moderate - standard requirements", "score": 50 },
          { "value": "strict", "label": "Strict - extensive requirements", "score": 25 },
          { "value": "very_strict", "label": "Very Strict - heavy burden, exams, insurance", "score": 0 }
        ]
      }
    },

    "bw_22_health_insurance": {
      "id": "bw_22_health_insurance",
      "categoryId": "business_work",
      "name": "Employer Healthcare Mandate",
      "shortName": "Employer Healthcare",
      "description": "Health insurance requirements for employers",
      "weight": 5,
      "scoringDirection": "higher_is_better",
      "dataType": "categorical",
      "scoringCriteria": {
        "type": "categorical",
        "options": [
          { "value": "no_requirements", "label": "No Requirements - employer decides", "score": 100 },
          { "value": "minimal", "label": "Minimal Requirements", "score": 75 },
          { "value": "aca_style", "label": "ACA-Style Requirements (50+ employees)", "score": 50 },
          { "value": "strong_mandate", "label": "Strong Employer Mandate", "score": 25 },
          { "value": "universal", "label": "Universal Healthcare (government provided)", "score": 0 }
        ]
      }
    },

    "bw_23_tip_credit": {
      "id": "bw_23_tip_credit",
      "categoryId": "business_work",
      "name": "Tipped Worker Wage Structure",
      "shortName": "Tip Credit",
      "description": "How tipped workers' wages are structured",
      "weight": 3,
      "scoringDirection": "higher_is_better",
      "dataType": "categorical",
      "scoringCriteria": {
        "type": "categorical",
        "options": [
          { "value": "large_tip_credit", "label": "Large Tip Credit Allowed - $2.13/hr minimum", "score": 100 },
          { "value": "standard", "label": "Standard Tip Credit", "score": 66 },
          { "value": "high_base", "label": "High Base Wage Required", "score": 33 },
          { "value": "full_minimum", "label": "Full Minimum Wage + Tips - no tip credit", "score": 0 }
        ]
      }
    },

    "bw_24_banking_access": {
      "id": "bw_24_banking_access",
      "categoryId": "business_work",
      "name": "Business Banking Access",
      "shortName": "Banking Access",
      "description": "Ease of opening business bank accounts",
      "weight": 4,
      "scoringDirection": "higher_is_better",
      "dataType": "categorical",
      "scoringCriteria": {
        "type": "categorical",
        "options": [
          { "value": "very_easy", "label": "Very Easy - online, minimal documentation", "score": 100 },
          { "value": "easy", "label": "Easy - standard process", "score": 75 },
          { "value": "moderate", "label": "Moderate - some requirements", "score": 50 },
          { "value": "difficult", "label": "Difficult - extensive documentation", "score": 25 },
          { "value": "very_difficult", "label": "Very Difficult - major barriers", "score": 0 }
        ]
      }
    },

    "bw_25_crypto_regulation": {
      "id": "bw_25_crypto_regulation",
      "categoryId": "business_work",
      "name": "Cryptocurrency Regulatory Environment",
      "shortName": "Crypto Regulation",
      "description": "Regulatory stance on cryptocurrency",
      "weight": 4,
      "scoringDirection": "higher_is_better",
      "dataType": "categorical",
      "scoringCriteria": {
        "type": "categorical",
        "options": [
          { "value": "very_favorable", "label": "Very Favorable - crypto-friendly laws, clear framework", "score": 100 },
          { "value": "favorable", "label": "Favorable - supportive environment", "score": 75 },
          { "value": "neutral", "label": "Neutral - standard regulations", "score": 50 },
          { "value": "restrictive", "label": "Restrictive - burdensome rules", "score": 25 },
          { "value": "hostile", "label": "Hostile - bans or severe limits", "score": 0 }
        ]
      }
    },

    "tr_01_public_transit_quality": {
      "id": "tr_01_public_transit_quality",
      "categoryId": "transportation",
      "name": "Public Transit Quality",
      "shortName": "Transit Quality",
      "description": "Quality of public transportation system",
      "weight": 7,
      "scoringDirection": "higher_is_better",
      "dataType": "categorical",
      "scoringCriteria": {
        "type": "categorical",
        "options": [
          { "value": "excellent", "label": "Excellent - world-class transit (Tokyo, London, NYC subway)", "score": 100 },
          { "value": "good", "label": "Good - comprehensive system, frequent service", "score": 75 },
          { "value": "adequate", "label": "Adequate - basic coverage, some gaps", "score": 50 },
          { "value": "poor", "label": "Poor - limited service, infrequent", "score": 25 },
          { "value": "very_poor", "label": "Very Poor - minimal or no public transit", "score": 0 }
        ]
      }
    },

    "tr_02_walkability": {
      "id": "tr_02_walkability",
      "categoryId": "transportation",
      "name": "Walkability",
      "shortName": "Walkability",
      "description": "How walkable the city is for daily errands",
      "weight": 7,
      "scoringDirection": "higher_is_better",
      "dataType": "categorical",
      "scoringCriteria": {
        "type": "categorical",
        "options": [
          { "value": "very_walkable", "label": "Very Walkable - Walk Score 90+ (NYC, SF core)", "score": 100 },
          { "value": "walkable", "label": "Walkable - Walk Score 70-89", "score": 75 },
          { "value": "somewhat", "label": "Somewhat Walkable - Walk Score 50-69", "score": 50 },
          { "value": "car_dependent", "label": "Car-Dependent - Walk Score 25-49", "score": 25 },
          { "value": "very_car_dependent", "label": "Very Car-Dependent - Walk Score under 25", "score": 0 }
        ]
      }
    },

    "tr_03_bike_infrastructure": {
      "id": "tr_03_bike_infrastructure",
      "categoryId": "transportation",
      "name": "Bicycle Infrastructure",
      "shortName": "Bike Infra",
      "description": "Quality of cycling infrastructure",
      "weight": 5,
      "scoringDirection": "higher_is_better",
      "dataType": "categorical",
      "scoringCriteria": {
        "type": "categorical",
        "options": [
          { "value": "excellent", "label": "Excellent - protected lanes, bike-share, Dutch-style", "score": 100 },
          { "value": "good", "label": "Good - good network of lanes", "score": 75 },
          { "value": "moderate", "label": "Moderate - some infrastructure", "score": 50 },
          { "value": "poor", "label": "Poor - limited lanes, gaps", "score": 25 },
          { "value": "very_poor", "label": "Very Poor - dangerous for cycling", "score": 0 }
        ]
      }
    },

    "tr_04_car_dependency": {
      "id": "tr_04_car_dependency",
      "categoryId": "transportation",
      "name": "Car Dependency Level",
      "shortName": "Car Dependency",
      "description": "Whether a car is necessary for daily life",
      "weight": 6,
      "scoringDirection": "higher_is_better",
      "dataType": "categorical",
      "scoringCriteria": {
        "type": "categorical",
        "options": [
          { "value": "car_optional", "label": "Car Optional - easy car-free life", "score": 100 },
          { "value": "low", "label": "Low Dependency - car helpful but not needed", "score": 75 },
          { "value": "moderate", "label": "Moderate - car often needed", "score": 50 },
          { "value": "high", "label": "High Dependency - car usually required", "score": 25 },
          { "value": "car_essential", "label": "Car Essential - impossible without car", "score": 0 }
        ]
      }
    },

    "tr_05_rideshare_legal": {
      "id": "tr_05_rideshare_legal",
      "categoryId": "transportation",
      "name": "Rideshare Availability",
      "shortName": "Rideshare",
      "description": "Status of Uber/Lyft services",
      "weight": 4,
      "scoringDirection": "higher_is_better",
      "dataType": "categorical",
      "scoringCriteria": {
        "type": "categorical",
        "options": [
          { "value": "fully_legal", "label": "Fully Legal & Available", "score": 100 },
          { "value": "legal_regulated", "label": "Legal with Regulations", "score": 75 },
          { "value": "restricted", "label": "Restricted - limited areas/times", "score": 50 },
          { "value": "very_limited", "label": "Very Limited", "score": 25 },
          { "value": "banned", "label": "Banned/Unavailable", "score": 0 }
        ]
      }
    },

    "tr_06_speed_limits": {
      "id": "tr_06_speed_limits",
      "categoryId": "transportation",
      "name": "Speed Limit Reasonableness",
      "shortName": "Speed Limits",
      "description": "Whether posted speed limits are reasonable",
      "weight": 4,
      "scoringDirection": "higher_is_better",
      "dataType": "categorical",
      "scoringCriteria": {
        "type": "categorical",
        "options": [
          { "value": "very_reasonable", "label": "Very Reasonable - appropriate for road conditions", "score": 100 },
          { "value": "reasonable", "label": "Reasonable - generally fair", "score": 75 },
          { "value": "moderate", "label": "Moderate - some artificially slow zones", "score": 50 },
          { "value": "slow", "label": "Slow - often too slow for conditions", "score": 25 },
          { "value": "very_slow", "label": "Very Slow - frustratingly slow limits", "score": 0 }
        ]
      }
    },

    "tr_07_speed_camera": {
      "id": "tr_07_speed_camera",
      "categoryId": "transportation",
      "name": "Automated Traffic Enforcement",
      "shortName": "Speed Cameras",
      "description": "Prevalence of speed/red light cameras",
      "weight": 4,
      "scoringDirection": "higher_is_better",
      "dataType": "categorical",
      "scoringCriteria": {
        "type": "categorical",
        "options": [
          { "value": "none", "label": "None/Banned - no automated enforcement", "score": 100 },
          { "value": "very_few", "label": "Very Few - rare use", "score": 75 },
          { "value": "some", "label": "Some - limited use in specific areas", "score": 50 },
          { "value": "many", "label": "Many - widespread cameras", "score": 25 },
          { "value": "extensive", "label": "Extensive - heavy surveillance, cameras everywhere", "score": 0 }
        ]
      }
    },

    "tr_08_parking_regs": {
      "id": "tr_08_parking_regs",
      "categoryId": "transportation",
      "name": "Parking Enforcement Strictness",
      "shortName": "Parking Enforcement",
      "description": "How strict parking enforcement is",
      "weight": 4,
      "scoringDirection": "higher_is_better",
      "dataType": "categorical",
      "scoringCriteria": {
        "type": "categorical",
        "options": [
          { "value": "very_relaxed", "label": "Very Relaxed - plentiful, cheap, rarely ticketed", "score": 100 },
          { "value": "relaxed", "label": "Relaxed - easy parking, reasonable enforcement", "score": 75 },
          { "value": "moderate", "label": "Moderate - standard enforcement", "score": 50 },
          { "value": "strict", "label": "Strict - aggressive enforcement", "score": 25 },
          { "value": "very_strict", "label": "Very Strict - expensive, heavy ticketing, towing", "score": 0 }
        ]
      }
    },

    "tr_09_toll_roads": {
      "id": "tr_09_toll_roads",
      "categoryId": "transportation",
      "name": "Toll Road Prevalence",
      "shortName": "Toll Roads",
      "description": "Extent of toll roads",
      "weight": 4,
      "scoringDirection": "higher_is_better",
      "dataType": "categorical",
      "scoringCriteria": {
        "type": "categorical",
        "options": [
          { "value": "none", "label": "None - no toll roads", "score": 100 },
          { "value": "minimal", "label": "Minimal - few toll roads", "score": 75 },
          { "value": "moderate", "label": "Moderate - some major toll roads", "score": 50 },
          { "value": "many", "label": "Many - extensive toll network", "score": 25 },
          { "value": "extensive", "label": "Extensive - heavy toll burden on commuters", "score": 0 }
        ]
      }
    },

    "tr_10_vehicle_inspection": {
      "id": "tr_10_vehicle_inspection",
      "categoryId": "transportation",
      "name": "Vehicle Inspection Requirements",
      "shortName": "Inspections",
      "description": "Required vehicle inspections",
      "weight": 3,
      "scoringDirection": "higher_is_better",
      "dataType": "categorical",
      "scoringCriteria": {
        "type": "categorical",
        "options": [
          { "value": "none", "label": "No Inspection Required", "score": 100 },
          { "value": "safety_only", "label": "Safety Only", "score": 75 },
          { "value": "emissions_only", "label": "Emissions Only", "score": 75 },
          { "value": "safety_emissions", "label": "Safety + Emissions", "score": 25 },
          { "value": "strict", "label": "Strict Requirements - frequent, detailed", "score": 0 }
        ]
      }
    },

    "tr_11_drivers_license": {
      "id": "tr_11_drivers_license",
      "categoryId": "transportation",
      "name": "Driver's License Difficulty",
      "shortName": "License Difficulty",
      "description": "How difficult obtaining a driver's license is",
      "weight": 3,
      "scoringDirection": "higher_is_better",
      "dataType": "categorical",
      "scoringCriteria": {
        "type": "categorical",
        "options": [
          { "value": "very_easy", "label": "Very Easy - simple test, easy renewal", "score": 100 },
          { "value": "easy", "label": "Easy - standard US-style process", "score": 75 },
          { "value": "moderate", "label": "Moderate - some difficulty", "score": 50 },
          { "value": "difficult", "label": "Difficult - complex requirements", "score": 25 },
          { "value": "very_difficult", "label": "Very Difficult - extensive training, tests (German-style)", "score": 0 }
        ]
      }
    },

    "tr_12_dui_laws": {
      "id": "tr_12_dui_laws",
      "categoryId": "transportation",
      "name": "DUI/DWI Laws",
      "shortName": "DUI Laws",
      "description": "Strictness of drunk driving penalties",
      "weight": 4,
      "scoringDirection": "higher_is_better",
      "dataType": "categorical",
      "scoringCriteria": {
        "type": "categorical",
        "options": [
          { "value": "reasonable", "label": "Reasonable - proportionate penalties", "score": 100 },
          { "value": "moderate", "label": "Moderate - standard penalties", "score": 75 },
          { "value": "strict", "label": "Strict - above average penalties", "score": 50 },
          { "value": "very_strict", "label": "Very Strict - harsh penalties, low BAC limits", "score": 25 },
          { "value": "extreme", "label": "Extreme - severe consequences, near-zero tolerance", "score": 0 }
        ]
      }
    },

    "tr_13_scooter_ebike": {
      "id": "tr_13_scooter_ebike",
      "categoryId": "transportation",
      "name": "E-Scooter/E-Bike Regulations",
      "shortName": "E-Mobility",
      "description": "Rules for electric scooters and e-bikes",
      "weight": 3,
      "scoringDirection": "higher_is_better",
      "dataType": "categorical",
      "scoringCriteria": {
        "type": "categorical",
        "options": [
          { "value": "unrestricted", "label": "Largely Unrestricted - few rules", "score": 100 },
          { "value": "light", "label": "Light Regulation - basic rules only", "score": 75 },
          { "value": "moderate", "label": "Moderate Rules - standard requirements", "score": 50 },
          { "value": "restrictive", "label": "Restrictive - many limitations", "score": 25 },
          { "value": "banned", "label": "Banned/Heavily Restricted", "score": 0 }
        ]
      }
    },

    "tr_14_airport_access": {
      "id": "tr_14_airport_access",
      "categoryId": "transportation",
      "name": "Airport Accessibility",
      "shortName": "Airport Access",
      "description": "Quality of airport access and connections",
      "weight": 5,
      "scoringDirection": "higher_is_better",
      "dataType": "categorical",
      "scoringCriteria": {
        "type": "categorical",
        "options": [
          { "value": "excellent", "label": "Excellent - major hub, many destinations, great access", "score": 100 },
          { "value": "good", "label": "Good - many flights, reasonable access", "score": 75 },
          { "value": "adequate", "label": "Adequate - decent options", "score": 50 },
          { "value": "limited", "label": "Limited - few direct flights", "score": 25 },
          { "value": "poor", "label": "Poor - remote airport, minimal service", "score": 0 }
        ]
      }
    },

    "tr_15_traffic_congestion": {
      "id": "tr_15_traffic_congestion",
      "categoryId": "transportation",
      "name": "Traffic Congestion",
      "shortName": "Traffic",
      "description": "Severity of traffic congestion",
      "weight": 5,
      "scoringDirection": "higher_is_better",
      "dataType": "categorical",
      "scoringCriteria": {
        "type": "categorical",
        "options": [
          { "value": "very_light", "label": "Very Light - minimal congestion", "score": 100 },
          { "value": "light", "label": "Light - below average", "score": 75 },
          { "value": "moderate", "label": "Moderate - average congestion", "score": 50 },
          { "value": "heavy", "label": "Heavy - above average", "score": 25 },
          { "value": "severe", "label": "Severe - extreme congestion (LA, Jakarta level)", "score": 0 }
        ]
      }
    },

    "pl_01_incarceration_rate": {
      "id": "pl_01_incarceration_rate",
      "categoryId": "policing_legal",
      "name": "Incarceration Rate",
      "shortName": "Incarceration",
      "description": "Imprisonment rate per 100,000 population",
      "weight": 7,
      "scoringDirection": "higher_is_better",
      "dataType": "categorical",
      "scoringCriteria": {
        "type": "categorical",
        "options": [
          { "value": "under_100", "label": "Under 100 per 100k (Nordic level)", "score": 100 },
          { "value": "100_200", "label": "100-200 per 100k (Western Europe)", "score": 75 },
          { "value": "200_400", "label": "200-400 per 100k", "score": 50 },
          { "value": "400_600", "label": "400-600 per 100k", "score": 25 },
          { "value": "over_600", "label": "Over 600 per 100k (US average ~650)", "score": 0 }
        ]
      }
    },

    "pl_02_police_per_capita": {
      "id": "pl_02_police_per_capita",
      "categoryId": "policing_legal",
      "name": "Police Density",
      "shortName": "Police Density",
      "description": "Police officers per 1,000 residents",
      "weight": 4,
      "scoringDirection": "higher_is_better",
      "dataType": "categorical",
      "scoringCriteria": {
        "type": "categorical",
        "options": [
          { "value": "under_1.5", "label": "Under 1.5 per 1,000", "score": 100 },
          { "value": "1.5_2.0", "label": "1.5-2.0 per 1,000", "score": 75 },
          { "value": "2.0_3.0", "label": "2.0-3.0 per 1,000", "score": 50 },
          { "value": "3.0_4.0", "label": "3.0-4.0 per 1,000", "score": 25 },
          { "value": "over_4.0", "label": "Over 4.0 per 1,000 (heavy policing)", "score": 0 }
        ]
      }
    },

    "pl_03_civil_forfeiture": {
      "id": "pl_03_civil_forfeiture",
      "categoryId": "policing_legal",
      "name": "Civil Asset Forfeiture Protections",
      "shortName": "Civil Forfeiture",
      "description": "Protections against property seizure without conviction",
      "weight": 6,
      "scoringDirection": "higher_is_better",
      "dataType": "categorical",
      "scoringCriteria": {
        "type": "categorical",
        "options": [
          { "value": "abolished", "label": "Abolished/Very Strong Protections - conviction required", "score": 100 },
          { "value": "strong", "label": "Strong Protections - high burden of proof", "score": 75 },
          { "value": "moderate", "label": "Moderate Protections", "score": 50 },
          { "value": "weak", "label": "Weak Protections - easy for police to seize", "score": 25 },
          { "value": "none", "label": "No Protections - rampant civil forfeiture", "score": 0 }
        ]
      }
    },

    "pl_04_mandatory_minimum": {
      "id": "pl_04_mandatory_minimum",
      "categoryId": "policing_legal",
      "name": "Mandatory Minimum Sentencing",
      "shortName": "Mandatory Minimums",
      "description": "Extent of mandatory minimum sentences",
      "weight": 6,
      "scoringDirection": "higher_is_better",
      "dataType": "categorical",
      "scoringCriteria": {
        "type": "categorical",
        "options": [
          { "value": "none", "label": "No Mandatory Minimums - judicial discretion", "score": 100 },
          { "value": "limited", "label": "Limited Use - rare cases only", "score": 75 },
          { "value": "moderate", "label": "Moderate Use", "score": 50 },
          { "value": "extensive", "label": "Extensive Use - many crimes", "score": 25 },
          { "value": "pervasive", "label": "Pervasive - widespread mandatory sentences", "score": 0 }
        ]
      }
    },

    "pl_05_bail_system": {
      "id": "pl_05_bail_system",
      "categoryId": "policing_legal",
      "name": "Bail/Pretrial System",
      "shortName": "Bail System",
      "description": "Fairness of pretrial detention system",
      "weight": 6,
      "scoringDirection": "higher_is_better",
      "dataType": "categorical",
      "scoringCriteria": {
        "type": "categorical",
        "options": [
          { "value": "no_cash_bail", "label": "No Cash Bail - risk-based release", "score": 100 },
          { "value": "reformed", "label": "Reformed System - reduced cash bail reliance", "score": 75 },
          { "value": "standard", "label": "Standard System - cash bail with options", "score": 50 },
          { "value": "cash_based", "label": "Cash-Based - wealth determines freedom", "score": 25 },
          { "value": "harsh", "label": "Harsh Detention - extensive pretrial jailing", "score": 0 }
        ]
      }
    },

    "pl_06_police_accountability": {
      "id": "pl_06_police_accountability",
      "categoryId": "policing_legal",
      "name": "Police Oversight Mechanisms",
      "shortName": "Police Oversight",
      "description": "Mechanisms for police accountability",
      "weight": 6,
      "scoringDirection": "higher_is_better",
      "dataType": "categorical",
      "scoringCriteria": {
        "type": "categorical",
        "options": [
          { "value": "excellent", "label": "Excellent - strong civilian oversight, body cams, transparency", "score": 100 },
          { "value": "good", "label": "Good - solid mechanisms in place", "score": 75 },
          { "value": "moderate", "label": "Moderate - some oversight", "score": 50 },
          { "value": "weak", "label": "Weak - limited accountability", "score": 25 },
          { "value": "very_weak", "label": "Very Weak - no effective oversight", "score": 0 }
        ]
      }
    },

    "pl_07_qualified_immunity": {
      "id": "pl_07_qualified_immunity",
      "categoryId": "policing_legal",
      "name": "Qualified Immunity Status",
      "shortName": "Qualified Immunity",
      "description": "Whether citizens can sue police officers",
      "weight": 5,
      "scoringDirection": "higher_is_better",
      "dataType": "categorical",
      "scoringCriteria": {
        "type": "categorical",
        "options": [
          { "value": "abolished", "label": "Abolished/Not Applicable - officers can be sued", "score": 100 },
          { "value": "limited", "label": "Limited Immunity - narrowed protections", "score": 66 },
          { "value": "standard", "label": "Standard Qualified Immunity - US default", "score": 33 },
          { "value": "broad", "label": "Broad Protections - very difficult to sue", "score": 0 }
        ]
      }
    },

    "pl_08_legal_costs": {
      "id": "pl_08_legal_costs",
      "categoryId": "policing_legal",
      "name": "Legal System Affordability",
      "shortName": "Legal Costs",
      "description": "Affordability of accessing the legal system",
      "weight": 5,
      "scoringDirection": "higher_is_better",
      "dataType": "categorical",
      "scoringCriteria": {
        "type": "categorical",
        "options": [
          { "value": "very_affordable", "label": "Very Affordable - free/subsidized legal aid", "score": 100 },
          { "value": "affordable", "label": "Affordable - reasonable costs", "score": 75 },
          { "value": "moderate", "label": "Moderate - average costs", "score": 50 },
          { "value": "expensive", "label": "Expensive - high legal costs", "score": 25 },
          { "value": "very_expensive", "label": "Very Expensive - prohibitive costs", "score": 0 }
        ]
      }
    },

    "pl_09_court_efficiency": {
      "id": "pl_09_court_efficiency",
      "categoryId": "policing_legal",
      "name": "Court System Efficiency",
      "shortName": "Court Efficiency",
      "description": "Efficiency of court proceedings",
      "weight": 4,
      "scoringDirection": "higher_is_better",
      "dataType": "categorical",
      "scoringCriteria": {
        "type": "categorical",
        "options": [
          { "value": "very_efficient", "label": "Very Efficient - fast resolution", "score": 100 },
          { "value": "efficient", "label": "Efficient - reasonable timelines", "score": 75 },
          { "value": "moderate", "label": "Moderate - some delays", "score": 50 },
          { "value": "slow", "label": "Slow - significant backlogs", "score": 25 },
          { "value": "very_slow", "label": "Very Slow - severe delays, years-long waits", "score": 0 }
        ]
      }
    },

    "pl_10_jury_trial": {
      "id": "pl_10_jury_trial",
      "categoryId": "policing_legal",
      "name": "Jury Trial Access",
      "shortName": "Jury Trial",
      "description": "Access to trial by jury",
      "weight": 4,
      "scoringDirection": "higher_is_better",
      "dataType": "categorical",
      "scoringCriteria": {
        "type": "categorical",
        "options": [
          { "value": "full_rights", "label": "Full Jury Rights - guaranteed for most cases", "score": 100 },
          { "value": "broad", "label": "Broad Access", "score": 75 },
          { "value": "limited", "label": "Limited Access - only serious crimes", "score": 50 },
          { "value": "rare", "label": "Rare/Restricted", "score": 25 },
          { "value": "no_jury", "label": "No Jury System", "score": 0 }
        ]
      }
    },

    "pl_11_surveillance": {
      "id": "pl_11_surveillance",
      "categoryId": "policing_legal",
      "name": "Government Surveillance Level",
      "shortName": "Surveillance",
      "description": "Extent of government surveillance",
      "weight": 6,
      "scoringDirection": "higher_is_better",
      "dataType": "categorical",
      "scoringCriteria": {
        "type": "categorical",
        "options": [
          { "value": "minimal", "label": "Minimal - strong privacy protections", "score": 100 },
          { "value": "low", "label": "Low - limited surveillance", "score": 75 },
          { "value": "moderate", "label": "Moderate - average monitoring", "score": 50 },
          { "value": "high", "label": "High - extensive surveillance", "score": 25 },
          { "value": "very_high", "label": "Very High - pervasive monitoring (China-level)", "score": 0 }
        ]
      }
    },

    "pl_12_search_seizure": {
      "id": "pl_12_search_seizure",
      "categoryId": "policing_legal",
      "name": "Search & Seizure Protections",
      "shortName": "Search Protections",
      "description": "Protections against unreasonable searches",
      "weight": 6,
      "scoringDirection": "higher_is_better",
      "dataType": "categorical",
      "scoringCriteria": {
        "type": "categorical",
        "options": [
          { "value": "very_strong", "label": "Very Strong - strict warrant requirements", "score": 100 },
          { "value": "strong", "label": "Strong - good protections", "score": 75 },
          { "value": "moderate", "label": "Moderate - standard 4th Amendment protections", "score": 50 },
          { "value": "weak", "label": "Weak - many exceptions to warrants", "score": 25 },
          { "value": "very_weak", "label": "Very Weak - minimal protections", "score": 0 }
        ]
      }
    },

    "pl_13_death_penalty": {
      "id": "pl_13_death_penalty",
      "categoryId": "policing_legal",
      "name": "Death Penalty Status",
      "shortName": "Death Penalty",
      "description": "Status of capital punishment",
      "weight": 5,
      "scoringDirection": "higher_is_better",
      "dataType": "categorical",
      "scoringCriteria": {
        "type": "categorical",
        "options": [
          { "value": "abolished", "label": "Abolished", "score": 100 },
          { "value": "moratorium", "label": "Moratorium - legal but not used", "score": 66 },
          { "value": "rare", "label": "Legal but Rarely Used", "score": 33 },
          { "value": "active", "label": "Actively Used", "score": 0 }
        ]
      }
    },

    "pl_14_prison_conditions": {
      "id": "pl_14_prison_conditions",
      "categoryId": "policing_legal",
      "name": "Prison Conditions",
      "shortName": "Prison Conditions",
      "description": "Quality of correctional facility standards",
      "weight": 5,
      "scoringDirection": "higher_is_better",
      "dataType": "categorical",
      "scoringCriteria": {
        "type": "categorical",
        "options": [
          { "value": "excellent", "label": "Excellent - rehabilitation-focused (Nordic model)", "score": 100 },
          { "value": "good", "label": "Good - humane conditions", "score": 75 },
          { "value": "adequate", "label": "Adequate - standard conditions", "score": 50 },
          { "value": "poor", "label": "Poor - below standard", "score": 25 },
          { "value": "very_poor", "label": "Very Poor - inhumane conditions", "score": 0 }
        ]
      }
    },

    "pl_15_record_expungement": {
      "id": "pl_15_record_expungement",
      "categoryId": "policing_legal",
      "name": "Criminal Record Expungement",
      "shortName": "Expungement",
      "description": "Accessibility of criminal record clearing",
      "weight": 5,
      "scoringDirection": "higher_is_better",
      "dataType": "categorical",
      "scoringCriteria": {
        "type": "categorical",
        "options": [
          { "value": "very_accessible", "label": "Very Accessible - automatic or easy expungement", "score": 100 },
          { "value": "accessible", "label": "Accessible - good options available", "score": 75 },
          { "value": "moderate", "label": "Moderate - some options, process required", "score": 50 },
          { "value": "limited", "label": "Limited - difficult process", "score": 25 },
          { "value": "very_limited", "label": "Very Limited - near impossible", "score": 0 }
        ]
      }
    },

    "sl_01_free_speech": {
      "id": "sl_01_free_speech",
      "categoryId": "speech_lifestyle",
      "name": "Free Speech Protections",
      "shortName": "Free Speech",
      "description": "Protection of free expression",
      "weight": 9,
      "scoringDirection": "higher_is_better",
      "dataType": "categorical",
      "scoringCriteria": {
        "type": "categorical",
        "options": [
          { "value": "excellent", "label": "Excellent - very strong First Amendment-style protections", "score": 100 },
          { "value": "good", "label": "Good - strong protections", "score": 75 },
          { "value": "moderate", "label": "Moderate - standard protections", "score": 50 },
          { "value": "limited", "label": "Limited - some restrictions on speech", "score": 25 },
          { "value": "weak", "label": "Weak - significant limits on expression", "score": 0 }
        ]
      }
    },

    "sl_02_press_freedom": {
      "id": "sl_02_press_freedom",
      "categoryId": "speech_lifestyle",
      "name": "Press Freedom",
      "shortName": "Press Freedom",
      "description": "Freedom of the press",
      "weight": 8,
      "scoringDirection": "higher_is_better",
      "dataType": "categorical",
      "scoringCriteria": {
        "type": "categorical",
        "options": [
          { "value": "excellent", "label": "Excellent - top RSF ranking (Norway, Finland level)", "score": 100 },
          { "value": "good", "label": "Good - strong protections", "score": 75 },
          { "value": "moderate", "label": "Moderate - some issues", "score": 50 },
          { "value": "limited", "label": "Limited - notable restrictions", "score": 25 },
          { "value": "poor", "label": "Poor - severe restrictions", "score": 0 }
        ]
      }
    },

    "sl_03_internet_freedom": {
      "id": "sl_03_internet_freedom",
      "categoryId": "speech_lifestyle",
      "name": "Internet Freedom",
      "shortName": "Internet Freedom",
      "description": "Level of internet censorship",
      "weight": 8,
      "scoringDirection": "higher_is_better",
      "dataType": "categorical",
      "scoringCriteria": {
        "type": "categorical",
        "options": [
          { "value": "free", "label": "Free - no censorship, strong net neutrality", "score": 100 },
          { "value": "mostly_free", "label": "Mostly Free - minimal blocking", "score": 75 },
          { "value": "partly_free", "label": "Partly Free - some restrictions", "score": 50 },
          { "value": "not_free", "label": "Not Free - significant censorship", "score": 25 },
          { "value": "very_restricted", "label": "Very Restricted - heavy censorship (China level)", "score": 0 }
        ]
      }
    },

    "sl_04_hate_speech_laws": {
      "id": "sl_04_hate_speech_laws",
      "categoryId": "speech_lifestyle",
      "name": "Hate Speech Law Scope",
      "shortName": "Hate Speech Laws",
      "description": "Breadth of hate speech restrictions",
      "weight": 6,
      "scoringDirection": "higher_is_better",
      "dataType": "categorical",
      "scoringCriteria": {
        "type": "categorical",
        "options": [
          { "value": "no_laws", "label": "No Laws - speech fully protected (US model)", "score": 100 },
          { "value": "narrow", "label": "Narrow - only direct threats/incitement", "score": 75 },
          { "value": "moderate", "label": "Moderate - some hate speech laws", "score": 50 },
          { "value": "broad", "label": "Broad - extensive restrictions", "score": 25 },
          { "value": "very_broad", "label": "Very Broad - heavy speech limits", "score": 0 }
        ]
      }
    },

    "sl_05_protest_rights": {
      "id": "sl_05_protest_rights",
      "categoryId": "speech_lifestyle",
      "name": "Protest/Assembly Rights",
      "shortName": "Protest Rights",
      "description": "Protection of right to protest",
      "weight": 7,
      "scoringDirection": "higher_is_better",
      "dataType": "categorical",
      "scoringCriteria": {
        "type": "categorical",
        "options": [
          { "value": "very_strong", "label": "Very Strong - minimal restrictions on assembly", "score": 100 },
          { "value": "strong", "label": "Strong - good protections", "score": 75 },
          { "value": "moderate", "label": "Moderate - permit required, reasonable rules", "score": 50 },
          { "value": "limited", "label": "Limited - significant hurdles to protest", "score": 25 },
          { "value": "restricted", "label": "Restricted - protests suppressed", "score": 0 }
        ]
      }
    },

    "sl_06_religious_freedom": {
      "id": "sl_06_religious_freedom",
      "categoryId": "speech_lifestyle",
      "name": "Religious Freedom",
      "shortName": "Religious Freedom",
      "description": "Protection of religious freedom and pluralism",
      "weight": 6,
      "scoringDirection": "higher_is_better",
      "dataType": "categorical",
      "scoringCriteria": {
        "type": "categorical",
        "options": [
          { "value": "excellent", "label": "Excellent - full religious freedom, no state religion", "score": 100 },
          { "value": "good", "label": "Good - strong protections", "score": 75 },
          { "value": "moderate", "label": "Moderate - some issues", "score": 50 },
          { "value": "limited", "label": "Limited - state religion influence", "score": 25 },
          { "value": "restricted", "label": "Restricted - religious restrictions exist", "score": 0 }
        ]
      }
    },

    "sl_07_data_privacy": {
      "id": "sl_07_data_privacy",
      "categoryId": "speech_lifestyle",
      "name": "Data Privacy Protections",
      "shortName": "Data Privacy",
      "description": "Personal data protection laws",
      "weight": 7,
      "scoringDirection": "higher_is_better",
      "dataType": "categorical",
      "scoringCriteria": {
        "type": "categorical",
        "options": [
          { "value": "gdpr_level", "label": "GDPR-Level - comprehensive data rights", "score": 100 },
          { "value": "strong", "label": "Strong Protection - good privacy laws", "score": 75 },
          { "value": "moderate", "label": "Moderate Protection - some laws", "score": 50 },
          { "value": "weak", "label": "Weak Protection - limited laws", "score": 25 },
          { "value": "minimal", "label": "Minimal/None - no meaningful protections", "score": 0 }
        ]
      }
    },

    "sl_08_dress_code": {
      "id": "sl_08_dress_code",
      "categoryId": "speech_lifestyle",
      "name": "Personal Appearance Freedom",
      "shortName": "Dress Code",
      "description": "Dress code or modesty requirements",
      "weight": 4,
      "scoringDirection": "higher_is_better",
      "dataType": "categorical",
      "scoringCriteria": {
        "type": "categorical",
        "options": [
          { "value": "very_permissive", "label": "Very Permissive - few restrictions", "score": 100 },
          { "value": "permissive", "label": "Permissive - minimal requirements", "score": 75 },
          { "value": "standard", "label": "Standard - basic public decency standards", "score": 50 },
          { "value": "restrictive", "label": "Restrictive - modesty requirements", "score": 25 },
          { "value": "very_restrictive", "label": "Very Restrictive - strict dress codes", "score": 0 }
        ]
      }
    },

    "sl_09_cultural_tolerance": {
      "id": "sl_09_cultural_tolerance",
      "categoryId": "speech_lifestyle",
      "name": "Cultural Tolerance",
      "shortName": "Tolerance",
      "description": "Cultural tolerance of diverse lifestyles",
      "weight": 6,
      "scoringDirection": "higher_is_better",
      "dataType": "categorical",
      "scoringCriteria": {
        "type": "categorical",
        "options": [
          { "value": "very_tolerant", "label": "Very Tolerant - highly diverse, inclusive culture", "score": 100 },
          { "value": "tolerant", "label": "Tolerant - generally accepting", "score": 75 },
          { "value": "moderate", "label": "Moderate - mixed attitudes", "score": 50 },
          { "value": "intolerant", "label": "Intolerant - conservative, judgmental culture", "score": 25 },
          { "value": "very_intolerant", "label": "Very Intolerant - hostile to differences", "score": 0 }
        ]
      }
    },

    "sl_10_defamation_laws": {
      "id": "sl_10_defamation_laws",
      "categoryId": "speech_lifestyle",
      "name": "Defamation Law Balance",
      "shortName": "Defamation Laws",
      "description": "Balance between reputation protection and free speech",
      "weight": 5,
      "scoringDirection": "higher_is_better",
      "dataType": "categorical",
      "scoringCriteria": {
        "type": "categorical",
        "options": [
          { "value": "speech_friendly", "label": "Speech-Friendly - high burden for plaintiffs (US model)", "score": 100 },
          { "value": "balanced", "label": "Balanced - fair standards", "score": 75 },
          { "value": "moderate", "label": "Moderate - standard laws", "score": 50 },
          { "value": "plaintiff_friendly", "label": "Plaintiff-Friendly - easy to sue for defamation", "score": 25 },
          { "value": "chilling", "label": "Chilling - suppresses speech (UK model pre-reform)", "score": 0 }
        ]
      }
    }
  }
}
